ID,Status,Result,Your Time
411172080,Not Attempted,,
411172961,Not Attempted,,
411173091,Not Attempted,,
411173297,Not Attempted,,
411173468,Not Attempted,,
411173533,Not Attempted,,
411173603,Not Attempted,,
411173864,Not Attempted,,
411174887,Not Attempted,,
411176292,Not Attempted,,
411183614,Not Attempted,,
411184022,Not Attempted,,
411186054,Not Attempted,,
411187246,Not Attempted,,
411188001,Not Attempted,,
411188141,Not Attempted,,
411188574,Not Attempted,,
411190838,Not Attempted,,
411191323,Not Attempted,,
411197515,Not Attempted,,
411198024,Not Attempted,,
411198433,Not Attempted,,
411198436,Not Attempted,,
411199195,Not Attempted,,
411199242,Not Attempted,,
411200615,Not Attempted,,
411200942,Not Attempted,,
411200943,Not Attempted,,
411200947,Not Attempted,,
411201317,Not Attempted,,
411201400,Not Attempted,,
411201623,Not Attempted,,
411201690,Not Attempted,,
411201901,Not Attempted,,
411201940,Not Attempted,,
411201947,Not Attempted,,
411202121,Not Attempted,,
411202403,Not Attempted,,
411202683,Not Attempted,,
411203318,Not Attempted,,
411203635,Not Attempted,,
411204185,Not Attempted,,
411204474,Not Attempted,,
411205946,Not Attempted,,
411207155,Not Attempted,,
411208761,Not Attempted,,
411208916,Not Attempted,,
411208970,Not Attempted,,
411208981,Not Attempted,,
411209125,Not Attempted,,
411209203,Not Attempted,,
411209289,Not Attempted,,
411209378,Not Attempted,,
411209758,Not Attempted,,
411209953,Not Attempted,,
411210011,Not Attempted,,
411210100,Not Attempted,,
411210129,Not Attempted,,
411210280,Not Attempted,,
411210638,Not Attempted,,
411211599,Not Attempted,,
411213232,Not Attempted,,
411213512,Not Attempted,,
411215206,Not Attempted,,
411215484,Not Attempted,,
411216290,Not Attempted,,
411219111,Not Attempted,,
411220171,Not Attempted,,
411220533,Not Attempted,,
411220808,Not Attempted,,
411221518,Not Attempted,,
411222449,Not Attempted,,
411222652,Not Attempted,,
411222734,Not Attempted,,
411223065,Not Attempted,,
411223458,Not Attempted,,
411224739,Not Attempted,,
411231778,Not Attempted,,
411232710,Not Attempted,,
411234201,Not Attempted,,
411235413,Not Attempted,,
411236249,Not Attempted,,
411248712,Not Attempted,,
411248713,Not Attempted,,
411248714,Not Attempted,,
411248715,Not Attempted,,
411248716,Not Attempted,,
411319133,Not Attempted,,
411319767,Not Attempted,,
411320199,Not Attempted,,
411321130,Not Attempted,,
411321305,Not Attempted,,
411321440,Not Attempted,,
411324106,Not Attempted,,
411324561,Not Attempted,,
411325157,Not Attempted,,
411325208,Not Attempted,,
411325219,Not Attempted,,
411325239,Not Attempted,,
411325282,Not Attempted,,
411325438,Not Attempted,,
411325536,Not Attempted,,
411325667,Not Attempted,,
411325743,Not Attempted,,
411325753,Not Attempted,,
411326034,Not Attempted,,
411327580,Not Attempted,,
411328244,Not Attempted,,
411328664,Not Attempted,,
411329167,Not Attempted,,
411329425,Not Attempted,,
411329762,Not Attempted,,
411329959,Not Attempted,,
411330498,Not Attempted,,
411330911,Not Attempted,,
411330996,Not Attempted,,
411331146,Not Attempted,,
411331288,Not Attempted,,
411331377,Not Attempted,,
411331803,Not Attempted,,
411332225,Not Attempted,,
411333830,Not Attempted,,
411333937,Not Attempted,,
411334755,Not Attempted,,
411335301,Not Attempted,,
411335502,Not Attempted,,
411338341,Not Attempted,,
411338478,Not Attempted,,
411338576,Not Attempted,,
411338652,Not Attempted,,
411339002,Not Attempted,,
411339363,Not Attempted,,
411339376,Not Attempted,,
411340185,Not Attempted,,
411340236,Not Attempted,,
411340597,Not Attempted,,
411340673,Not Attempted,,
411340848,Not Attempted,,
411341012,Not Attempted,,
411341792,Not Attempted,,
411342299,Not Attempted,,
411342664,Not Attempted,,
411344874,Not Attempted,,
411345483,Not Attempted,,
411345555,Not Attempted,,
411345623,Not Attempted,,
411345721,Not Attempted,,
411345722,Not Attempted,,
411345723,Not Attempted,,
411345724,Not Attempted,,
411345725,Not Attempted,,
411345982,Not Attempted,,
411349908,Not Attempted,,
411350092,Not Attempted,,
411350306,Not Attempted,,
411351011,Not Attempted,,
411353819,Not Attempted,,
411353881,Not Attempted,,
411354109,Not Attempted,,
411355381,Not Attempted,,
411357997,Not Attempted,,
411359074,Not Attempted,,
411362435,Not Attempted,,
411362486,Not Attempted,,
411367338,Not Attempted,,
411367339,Not Attempted,,
411367340,Not Attempted,,
411367341,Not Attempted,,
411367342,Not Attempted,,
411368225,Not Attempted,,
411368234,Not Attempted,,
411368253,Not Attempted,,
411368265,Not Attempted,,
411368275,Not Attempted,,
411368280,Not Attempted,,
411368285,Not Attempted,,
411368296,Not Attempted,,
411368301,Not Attempted,,
411368307,Not Attempted,,
411368312,Not Attempted,,
411368319,Not Attempted,,
411368323,Not Attempted,,
411368328,Not Attempted,,
411368335,Not Attempted,,
411368346,Not Attempted,,
411368356,Not Attempted,,
411368365,Not Attempted,,
411368394,Not Attempted,,
411368402,Not Attempted,,
411368410,Not Attempted,,
411368418,Not Attempted,,
411368426,Not Attempted,,
411368436,Not Attempted,,
411368446,Not Attempted,,
411368482,Not Attempted,,
411368496,Not Attempted,,
411368510,Not Attempted,,
411368518,Not Attempted,,
411368526,Not Attempted,,
411368541,Not Attempted,,
411368548,Not Attempted,,
411368556,Not Attempted,,
411368563,Not Attempted,,
411368576,Not Attempted,,
411368586,Not Attempted,,
411368593,Not Attempted,,
411368609,Not Attempted,,
411368616,Not Attempted,,
411368641,Not Attempted,,
411368648,Not Attempted,,
411368665,Not Attempted,,
411368673,Not Attempted,,
411368689,Not Attempted,,
411368699,Not Attempted,,
411368708,Not Attempted,,
411368718,Not Attempted,,
411368726,Not Attempted,,
411368749,Not Attempted,,
411368756,Not Attempted,,
411368767,Not Attempted,,
411368778,Not Attempted,,
411368805,Not Attempted,,
411368815,Not Attempted,,
411368817,Not Attempted,,
411368820,Not Attempted,,
411368826,Not Attempted,,
411368832,Not Attempted,,
411368902,Not Attempted,,
411368941,Not Attempted,,
411368952,Not Attempted,,
411368961,Not Attempted,,
411368991,Not Attempted,,
411369003,Not Attempted,,
411369015,Not Attempted,,
411369025,Not Attempted,,
411369030,Not Attempted,,
411369039,Not Attempted,,
411369050,Not Attempted,,
411369058,Not Attempted,,
411369067,Not Attempted,,
411369094,Not Attempted,,
411369102,Not Attempted,,
411369106,Not Attempted,,
411369118,Not Attempted,,
411369129,Not Attempted,,
411369141,Not Attempted,,
411369149,Not Attempted,,
411369157,Not Attempted,,
411369164,Not Attempted,,
411369190,Not Attempted,,
411369208,Not Attempted,,
411369217,Not Attempted,,
411369236,Not Attempted,,
411369247,Not Attempted,,
411369265,Not Attempted,,
411369277,Not Attempted,,
411369288,Not Attempted,,
411369293,Not Attempted,,
411369323,Not Attempted,,
411369344,Not Attempted,,
411369351,Not Attempted,,
411369362,Not Attempted,,
411369369,Not Attempted,,
411369376,Not Attempted,,
411369390,Not Attempted,,
411369395,Not Attempted,,
411369401,Not Attempted,,
411369415,Not Attempted,,
411369453,Not Attempted,,
411369463,Not Attempted,,
411369472,Not Attempted,,
411369483,Not Attempted,,
411369494,Not Attempted,,
411369502,Not Attempted,,
411369513,Not Attempted,,
411369542,Not Attempted,,
411369552,Not Attempted,,
411369568,Not Attempted,,
411369594,Not Attempted,,
411369601,Not Attempted,,
411369608,Not Attempted,,
411369620,Not Attempted,,
411369629,Not Attempted,,
411369639,Not Attempted,,
411369644,Not Attempted,,
411369664,Not Attempted,,
411369674,Not Attempted,,
411369721,Not Attempted,,
411369752,Not Attempted,,
411369800,Not Attempted,,
411369815,Not Attempted,,
411369843,Not Attempted,,
411369873,Not Attempted,,
411369908,Not Attempted,,
411369916,Not Attempted,,
411369923,Not Attempted,,
411369930,Not Attempted,,
411369937,Not Attempted,,
411369966,Not Attempted,,
411369974,Not Attempted,,
411369978,Not Attempted,,
411369988,Not Attempted,,
411370005,Not Attempted,,
411370019,Not Attempted,,
411370026,Not Attempted,,
411370057,Not Attempted,,
411370070,Not Attempted,,
411370077,Not Attempted,,
411370083,Not Attempted,,
411370094,Not Attempted,,
411370101,Not Attempted,,
411370129,Not Attempted,,
411370154,Not Attempted,,
411370163,Not Attempted,,
411370172,Not Attempted,,
411370187,Not Attempted,,
411370193,Not Attempted,,
411370201,Not Attempted,,
411370215,Not Attempted,,
411370254,Not Attempted,,
411370268,Not Attempted,,
411370274,Not Attempted,,
411370286,Not Attempted,,
411370295,Not Attempted,,
411370301,Not Attempted,,
411370309,Not Attempted,,
411370324,Not Attempted,,
411370328,Not Attempted,,
411370341,Not Attempted,,
411370353,Not Attempted,,
411370361,Not Attempted,,
411370370,Not Attempted,,
411370377,Not Attempted,,
411370385,Not Attempted,,
411370396,Not Attempted,,
411370406,Not Attempted,,
411370420,Not Attempted,,
411370426,Not Attempted,,
411370477,Not Attempted,,
411370491,Not Attempted,,
411370497,Not Attempted,,
411370520,Not Attempted,,
411370533,Not Attempted,,
411370545,Not Attempted,,
411370561,Not Attempted,,
411370584,Not Attempted,,
411370592,Not Attempted,,
411370633,Not Attempted,,
411370642,Not Attempted,,
411370648,Not Attempted,,
411370654,Not Attempted,,
411370673,Not Attempted,,
411370681,Not Attempted,,
411370708,Not Attempted,,
411370723,Not Attempted,,
411370733,Not Attempted,,
411370739,Not Attempted,,
411370748,Not Attempted,,
411370758,Not Attempted,,
411370765,Not Attempted,,
411370779,Not Attempted,,
411370786,Not Attempted,,
411370793,Not Attempted,,
411370807,Not Attempted,,
411370818,Not Attempted,,
411370820,Not Attempted,,
411370857,Not Attempted,,
411370863,Not Attempted,,
411370893,Not Attempted,,
411370903,Not Attempted,,
411370986,Not Attempted,,
411370998,Not Attempted,,
411371006,Not Attempted,,
411371050,Not Attempted,,
411371077,Not Attempted,,
411371083,Not Attempted,,
411371091,Not Attempted,,
411371100,Not Attempted,,
411371109,Not Attempted,,
411371113,Not Attempted,,
411371125,Not Attempted,,
411371133,Not Attempted,,
411371141,Not Attempted,,
411371147,Not Attempted,,
411371162,Not Attempted,,
411371175,Not Attempted,,
411371205,Not Attempted,,
411371234,Not Attempted,,
411371238,Not Attempted,,
411371246,Not Attempted,,
411371259,Not Attempted,,
411371269,Not Attempted,,
411371275,Not Attempted,,
411371279,Not Attempted,,
411371324,Not Attempted,,
411371352,Not Attempted,,
411371356,Not Attempted,,
411371366,Not Attempted,,
411371380,Not Attempted,,
411371392,Not Attempted,,
411371402,Not Attempted,,
411371408,Not Attempted,,
411371436,Not Attempted,,
411371444,Not Attempted,,
411371454,Not Attempted,,
411371471,Not Attempted,,
411371518,Not Attempted,,
411371999,Not Attempted,,
411372007,Not Attempted,,
411372018,Not Attempted,,
411372089,Not Attempted,,
411372136,Not Attempted,,
411372143,Not Attempted,,
411372177,Not Attempted,,
411372185,Not Attempted,,
411372197,Not Attempted,,
411372206,Not Attempted,,
411372215,Not Attempted,,
411372225,Not Attempted,,
411372233,Not Attempted,,
411372245,Not Attempted,,
411372255,Not Attempted,,
411372276,Not Attempted,,
411372288,Not Attempted,,
411372316,Not Attempted,,
411372325,Not Attempted,,
411372338,Not Attempted,,
411372343,Not Attempted,,
411372352,Not Attempted,,
411372364,Not Attempted,,
411372369,Not Attempted,,
411372382,Not Attempted,,
411372394,Not Attempted,,
411372429,Not Attempted,,
411372459,Not Attempted,,
411372467,Not Attempted,,
411372493,Not Attempted,,
411372507,Not Attempted,,
411372535,Not Attempted,,
411372570,Not Attempted,,
411372581,Not Attempted,,
411372602,Not Attempted,,
411372610,Not Attempted,,
411372632,Not Attempted,,
411372636,Not Attempted,,
411372647,Not Attempted,,
411372653,Not Attempted,,
411372666,Not Attempted,,
411372679,Not Attempted,,
411372709,Not Attempted,,
411372734,Not Attempted,,
411372744,Not Attempted,,
411372750,Not Attempted,,
411372764,Not Attempted,,
411372774,Not Attempted,,
411372786,Not Attempted,,
411372793,Not Attempted,,
411372803,Not Attempted,,
411372813,Not Attempted,,
411372844,Not Attempted,,
411372853,Not Attempted,,
411372862,Not Attempted,,
411372872,Not Attempted,,
411372880,Not Attempted,,
411372901,Not Attempted,,
411372925,Not Attempted,,
411372935,Not Attempted,,
411372985,Not Attempted,,
411372990,Not Attempted,,
411372996,Not Attempted,,
411373008,Not Attempted,,
411373019,Not Attempted,,
411373036,Not Attempted,,
411373066,Not Attempted,,
411373074,Not Attempted,,
411373089,Not Attempted,,
411373107,Not Attempted,,
411373122,Not Attempted,,
411373127,Not Attempted,,
411373164,Not Attempted,,
411373177,Not Attempted,,
411373185,Not Attempted,,
411373237,Not Attempted,,
411373250,Not Attempted,,
411373267,Not Attempted,,
411373328,Not Attempted,,
411373336,Not Attempted,,
411373353,Not Attempted,,
411373380,Not Attempted,,
411373388,Not Attempted,,
411373402,Not Attempted,,
411373410,Not Attempted,,
411373433,Not Attempted,,
411373447,Not Attempted,,
411373462,Not Attempted,,
411373469,Not Attempted,,
411373493,Not Attempted,,
411373525,Not Attempted,,
411373540,Not Attempted,,
411373557,Not Attempted,,
411373571,Not Attempted,,
411373602,Not Attempted,,
411373613,Not Attempted,,
411373626,Not Attempted,,
411373634,Not Attempted,,
411373662,Not Attempted,,
411373674,Not Attempted,,
411373686,Not Attempted,,
411373741,Not Attempted,,
411373759,Not Attempted,,
411373773,Not Attempted,,
411373782,Not Attempted,,
411373811,Not Attempted,,
411373836,Not Attempted,,
411373848,Not Attempted,,
411373859,Not Attempted,,
411373878,Not Attempted,,
411373883,Not Attempted,,
411373892,Not Attempted,,
411373900,Not Attempted,,
411373938,Not Attempted,,
411373947,Not Attempted,,
411373965,Not Attempted,,
411373983,Not Attempted,,
411374007,Not Attempted,,
411374041,Not Attempted,,
411374069,Not Attempted,,
411374081,Not Attempted,,
411374107,Not Attempted,,
411374143,Not Attempted,,
411374188,Not Attempted,,
411374203,Not Attempted,,
411374217,Not Attempted,,
411374228,Not Attempted,,
411374239,Not Attempted,,
411374255,Not Attempted,,
411374283,Not Attempted,,
411374311,Not Attempted,,
411374324,Not Attempted,,
411374339,Not Attempted,,
411374349,Not Attempted,,
411374357,Not Attempted,,
411374372,Not Attempted,,
411374451,Not Attempted,,
411374465,Not Attempted,,
411374497,Not Attempted,,
411374506,Not Attempted,,
411374523,Not Attempted,,
411374537,Not Attempted,,
411374546,Not Attempted,,
411374559,Not Attempted,,
411374568,Not Attempted,,
411374580,Not Attempted,,
411374595,Not Attempted,,
411374601,Not Attempted,,
411374621,Not Attempted,,
411374629,Not Attempted,,
411374641,Not Attempted,,
411374656,Not Attempted,,
411374668,Not Attempted,,
411374675,Not Attempted,,
411374695,Not Attempted,,
411374769,Not Attempted,,
411374775,Not Attempted,,
411374803,Not Attempted,,
411374814,Not Attempted,,
411374847,Not Attempted,,
411374866,Not Attempted,,
411374872,Not Attempted,,
411374878,Not Attempted,,
411374893,Not Attempted,,
411374908,Not Attempted,,
411374926,Not Attempted,,
411374935,Not Attempted,,
411374951,Not Attempted,,
411374956,Not Attempted,,
411374975,Not Attempted,,
411374987,Not Attempted,,
411375024,Not Attempted,,
411375061,Not Attempted,,
411375066,Not Attempted,,
411375088,Not Attempted,,
411375094,Not Attempted,,
411375105,Not Attempted,,
411375117,Not Attempted,,
411375130,Not Attempted,,
411375165,Not Attempted,,
411375173,Not Attempted,,
411375183,Not Attempted,,
411375189,Not Attempted,,
411375194,Not Attempted,,
411375206,Not Attempted,,
411375221,Not Attempted,,
411375236,Not Attempted,,
411375246,Not Attempted,,
411375266,Not Attempted,,
411375301,Not Attempted,,
411375313,Not Attempted,,
411375340,Not Attempted,,
411375349,Not Attempted,,
411375358,Not Attempted,,
411375391,Not Attempted,,
411375403,Not Attempted,,
411375413,Not Attempted,,
411375423,Not Attempted,,
411375435,Not Attempted,,
411375447,Not Attempted,,
411376361,Not Attempted,,
411376387,Not Attempted,,
411376404,Not Attempted,,
411376418,Not Attempted,,
411376431,Not Attempted,,
411376445,Not Attempted,,
411376455,Not Attempted,,
411376476,Not Attempted,,
411376504,Not Attempted,,
411376526,Not Attempted,,
411376539,Not Attempted,,
411376548,Not Attempted,,
411376557,Not Attempted,,
411376573,Not Attempted,,
411376590,Not Attempted,,
411376599,Not Attempted,,
411376604,Not Attempted,,
411376616,Not Attempted,,
411376623,Not Attempted,,
411376639,Not Attempted,,
411376648,Not Attempted,,
411376678,Not Attempted,,
411376688,Not Attempted,,
411376703,Not Attempted,,
411376716,Not Attempted,,
411376735,Not Attempted,,
411376749,Not Attempted,,
411376767,Not Attempted,,
411376841,Not Attempted,,
411376850,Not Attempted,,
411376893,Not Attempted,,
411376922,Not Attempted,,
411376930,Not Attempted,,
411377022,Not Attempted,,
411377047,Not Attempted,,
411377348,Not Attempted,,
411377358,Not Attempted,,
411377366,Not Attempted,,
411377376,Not Attempted,,
411377391,Not Attempted,,
411377405,Not Attempted,,
411377418,Not Attempted,,
411377438,Not Attempted,,
411377453,Not Attempted,,
411377460,Not Attempted,,
411377468,Not Attempted,,
411377482,Not Attempted,,
411377491,Not Attempted,,
411377528,Not Attempted,,
411377546,Not Attempted,,
411377558,Not Attempted,,
411377608,Not Attempted,,
411377620,Not Attempted,,
411377635,Not Attempted,,
411377650,Not Attempted,,
411377669,Not Attempted,,
411377675,Not Attempted,,
411377692,Not Attempted,,
411377716,Not Attempted,,
411377734,Not Attempted,,
411377772,Not Attempted,,
411377788,Not Attempted,,
411377794,Not Attempted,,
411377830,Not Attempted,,
411377844,Not Attempted,,
411377857,Not Attempted,,
411377872,Not Attempted,,
411377897,Not Attempted,,
411377908,Not Attempted,,
411377922,Not Attempted,,
411377928,Not Attempted,,
411377943,Not Attempted,,
411377960,Not Attempted,,
411377970,Not Attempted,,
411377980,Not Attempted,,
411377995,Not Attempted,,
411378002,Not Attempted,,
411378018,Not Attempted,,
411378056,Not Attempted,,
411378067,Not Attempted,,
411378104,Not Attempted,,
411378119,Not Attempted,,
411378124,Not Attempted,,
411378133,Not Attempted,,
411378154,Not Attempted,,
411378165,Not Attempted,,
411378180,Not Attempted,,
411378204,Not Attempted,,
411378215,Not Attempted,,
411378226,Not Attempted,,
411378270,Not Attempted,,
411378280,Not Attempted,,
411378304,Not Attempted,,
411378317,Not Attempted,,
411378329,Not Attempted,,
411378347,Not Attempted,,
411378363,Not Attempted,,
411378368,Not Attempted,,
411378390,Not Attempted,,
411378411,Not Attempted,,
411378447,Not Attempted,,
411378460,Not Attempted,,
411378473,Not Attempted,,
411378489,Not Attempted,,
411378540,Not Attempted,,
411378547,Not Attempted,,
411378593,Not Attempted,,
411378621,Not Attempted,,
411378650,Not Attempted,,
411378687,Not Attempted,,
411378699,Not Attempted,,
411378763,Not Attempted,,
411378796,Not Attempted,,
411378803,Not Attempted,,
411378815,Not Attempted,,
411378845,Not Attempted,,
411378859,Not Attempted,,
411378893,Not Attempted,,
411378910,Not Attempted,,
411378924,Not Attempted,,
411379199,Not Attempted,,
411379214,Not Attempted,,
411379279,Not Attempted,,
411379290,Not Attempted,,
411379317,Not Attempted,,
411379350,Not Attempted,,
411379356,Not Attempted,,
411379369,Not Attempted,,
411379378,Not Attempted,,
411379382,Not Attempted,,
411379393,Not Attempted,,
411379411,Not Attempted,,
411379419,Not Attempted,,
411379426,Not Attempted,,
411379441,Not Attempted,,
411379454,Not Attempted,,
411379472,Not Attempted,,
411379477,Not Attempted,,
411379489,Not Attempted,,
411379499,Not Attempted,,
411379511,Not Attempted,,
411379518,Not Attempted,,
411379528,Not Attempted,,
411379532,Not Attempted,,
411379600,Not Attempted,,
411379636,Not Attempted,,
411379648,Not Attempted,,
411379715,Not Attempted,,
411379734,Not Attempted,,
411379739,Not Attempted,,
411379769,Not Attempted,,
411379784,Not Attempted,,
411379798,Not Attempted,,
411379811,Not Attempted,,
411379832,Not Attempted,,
411379850,Not Attempted,,
411379870,Not Attempted,,
411379896,Not Attempted,,
411379907,Not Attempted,,
411379944,Not Attempted,,
411379954,Not Attempted,,
411379967,Not Attempted,,
411379997,Not Attempted,,
411380010,Not Attempted,,
411380022,Not Attempted,,
411380033,Not Attempted,,
411380058,Not Attempted,,
411380069,Not Attempted,,
411380079,Not Attempted,,
411380096,Not Attempted,,
411380116,Not Attempted,,
411380122,Not Attempted,,
411380155,Not Attempted,,
411380166,Not Attempted,,
411380178,Not Attempted,,
411380218,Not Attempted,,
411380228,Not Attempted,,
411380547,Not Attempted,,
411380675,Not Attempted,,
411380781,Not Attempted,,
411380788,Not Attempted,,
411380796,Not Attempted,,
411380811,Not Attempted,,
411380820,Not Attempted,,
411380832,Not Attempted,,
411381041,Not Attempted,,
411381070,Not Attempted,,
411381123,Not Attempted,,
411381207,Not Attempted,,
411381220,Not Attempted,,
411381250,Not Attempted,,
411381254,Not Attempted,,
411381261,Not Attempted,,
411382573,Not Attempted,,
411382607,Not Attempted,,
411382649,Not Attempted,,
411382657,Not Attempted,,
411382672,Not Attempted,,
411382699,Not Attempted,,
411382715,Not Attempted,,
411382729,Not Attempted,,
411382886,Not Attempted,,
411383971,Not Attempted,,
411383979,Not Attempted,,
411383991,Not Attempted,,
411384012,Not Attempted,,
411384122,Not Attempted,,
411384131,Not Attempted,,
411384380,Not Attempted,,
411384387,Not Attempted,,
411384404,Not Attempted,,
411384474,Not Attempted,,
411384488,Not Attempted,,
411384499,Not Attempted,,
411384512,Not Attempted,,
411384532,Not Attempted,,
411385940,Not Attempted,,
411385941,Not Attempted,,
411385942,Not Attempted,,
411385943,Not Attempted,,
411385944,Not Attempted,,
411386307,Not Attempted,,
411386342,Not Attempted,,
411386355,Not Attempted,,
411386370,Not Attempted,,
411386382,Not Attempted,,
411386387,Not Attempted,,
411386394,Not Attempted,,
411386401,Not Attempted,,
411386415,Not Attempted,,
411386432,Not Attempted,,
411386444,Not Attempted,,
411386461,Not Attempted,,
411386530,Not Attempted,,
411386540,Not Attempted,,
411386554,Not Attempted,,
411386583,Not Attempted,,
411386615,Not Attempted,,
411386623,Not Attempted,,
411386629,Not Attempted,,
411386663,Not Attempted,,
411386690,Not Attempted,,
411386699,Not Attempted,,
411386771,Not Attempted,,
411386779,Not Attempted,,
411386792,Not Attempted,,
411386803,Not Attempted,,
411386818,Not Attempted,,
411386829,Not Attempted,,
411386838,Not Attempted,,
411386877,Not Attempted,,
411386905,Not Attempted,,
411386916,Not Attempted,,
411386985,Not Attempted,,
411387000,Not Attempted,,
411387019,Not Attempted,,
411387032,Not Attempted,,
411387046,Not Attempted,,
411387069,Not Attempted,,
411387084,Not Attempted,,
411387092,Not Attempted,,
411387103,Not Attempted,,
411387111,Not Attempted,,
411387118,Not Attempted,,
411387127,Not Attempted,,
411387157,Not Attempted,,
411387176,Not Attempted,,
411387187,Not Attempted,,
411387227,Not Attempted,,
411387241,Not Attempted,,
411387270,Not Attempted,,
411387308,Not Attempted,,
411387350,Not Attempted,,
411387361,Not Attempted,,
411387371,Not Attempted,,
411387378,Not Attempted,,
411387384,Not Attempted,,
411387396,Not Attempted,,
411387407,Not Attempted,,
411387423,Not Attempted,,
411387432,Not Attempted,,
411388917,Not Attempted,,
411388927,Not Attempted,,
411388941,Not Attempted,,
411388962,Not Attempted,,
411388967,Not Attempted,,
411388983,Not Attempted,,
411388993,Not Attempted,,
411388995,Not Attempted,,
411389008,Not Attempted,,
411389030,Not Attempted,,
411389048,Not Attempted,,
411389055,Not Attempted,,
411389061,Not Attempted,,
411389072,Not Attempted,,
411389080,Not Attempted,,
411389093,Not Attempted,,
411389100,Not Attempted,,
411389109,Not Attempted,,
411389115,Not Attempted,,
411389144,Not Attempted,,
411389162,Not Attempted,,
411389192,Not Attempted,,
411389212,Not Attempted,,
411389236,Not Attempted,,
411389256,Not Attempted,,
411389269,Not Attempted,,
411389283,Not Attempted,,
411389294,Not Attempted,,
411389297,Not Attempted,,
411389306,Not Attempted,,
411389328,Not Attempted,,
411389337,Not Attempted,,
411389356,Not Attempted,,
411389365,Not Attempted,,
411389372,Not Attempted,,
411389378,Not Attempted,,
411389389,Not Attempted,,
411389401,Not Attempted,,
411389438,Not Attempted,,
411389466,Not Attempted,,
411389476,Not Attempted,,
411389494,Not Attempted,,
411389500,Not Attempted,,
411389509,Not Attempted,,
411389522,Not Attempted,,
411389529,Not Attempted,,
411389542,Not Attempted,,
411389548,Not Attempted,,
411389565,Not Attempted,,
411389582,Not Attempted,,
411389598,Not Attempted,,
411389646,Not Attempted,,
411389661,Not Attempted,,
411389668,Not Attempted,,
411389678,Not Attempted,,
411389685,Not Attempted,,
411389696,Not Attempted,,
411389716,Not Attempted,,
411389748,Not Attempted,,
411389757,Not Attempted,,
411389763,Not Attempted,,
411389778,Not Attempted,,
411389842,Not Attempted,,
411389859,Not Attempted,,
411389869,Not Attempted,,
411389876,Not Attempted,,
411389881,Not Attempted,,
411389922,Not Attempted,,
411389933,Not Attempted,,
411389961,Not Attempted,,
411389971,Not Attempted,,
411389979,Not Attempted,,
411389981,Not Attempted,,
411390019,Not Attempted,,
411390039,Not Attempted,,
411390050,Not Attempted,,
411390076,Not Attempted,,
411390082,Not Attempted,,
411390096,Not Attempted,,
411390111,Not Attempted,,
411390127,Not Attempted,,
411390139,Not Attempted,,
411390155,Not Attempted,,
411390184,Not Attempted,,
411390194,Not Attempted,,
411390203,Not Attempted,,
411390216,Not Attempted,,
411390270,Not Attempted,,
411390286,Not Attempted,,
411390291,Not Attempted,,
411390301,Not Attempted,,
411390306,Not Attempted,,
411390333,Not Attempted,,
411390342,Not Attempted,,
411390351,Not Attempted,,
411390366,Not Attempted,,
411390377,Not Attempted,,
411390391,Not Attempted,,
411390398,Not Attempted,,
411390407,Not Attempted,,
411390432,Not Attempted,,
411390457,Not Attempted,,
411390471,Not Attempted,,
411390502,Not Attempted,,
411390552,Not Attempted,,
411390568,Not Attempted,,
411390578,Not Attempted,,
411390586,Not Attempted,,
411390619,Not Attempted,,
411390642,Not Attempted,,
411390651,Not Attempted,,
411390670,Not Attempted,,
411390683,Not Attempted,,
411390709,Not Attempted,,
411390723,Not Attempted,,
411390730,Not Attempted,,
411390732,Not Attempted,,
411390762,Not Attempted,,
411390778,Not Attempted,,
411390786,Not Attempted,,
411390798,Not Attempted,,
411390808,Not Attempted,,
411390813,Not Attempted,,
411390825,Not Attempted,,
411390856,Not Attempted,,
411390873,Not Attempted,,
411390906,Not Attempted,,
411390929,Not Attempted,,
411390945,Not Attempted,,
411390978,Not Attempted,,
411390987,Not Attempted,,
411390998,Not Attempted,,
411391046,Not Attempted,,
411391313,Not Attempted,,
411391320,Not Attempted,,
411391360,Not Attempted,,
411391374,Not Attempted,,
411391400,Not Attempted,,
411391437,Not Attempted,,
411391446,Not Attempted,,
411391454,Not Attempted,,
411391465,Not Attempted,,
411391484,Not Attempted,,
411391496,Not Attempted,,
411391551,Not Attempted,,
411391554,Not Attempted,,
411391566,Not Attempted,,
411391581,Not Attempted,,
411391613,Not Attempted,,
411391620,Not Attempted,,
411391628,Not Attempted,,
411391638,Not Attempted,,
411391649,Not Attempted,,
411391660,Not Attempted,,
411391670,Not Attempted,,
411391702,Not Attempted,,
411391720,Not Attempted,,
411391749,Not Attempted,,
411391760,Not Attempted,,
411391769,Not Attempted,,
411391782,Not Attempted,,
411391795,Not Attempted,,
411391804,Not Attempted,,
411391839,Not Attempted,,
411391889,Not Attempted,,
411391903,Not Attempted,,
411391919,Not Attempted,,
411391927,Not Attempted,,
411391955,Not Attempted,,
411391961,Not Attempted,,
411391970,Not Attempted,,
411391984,Not Attempted,,
411391999,Not Attempted,,
411392008,Not Attempted,,
411392018,Not Attempted,,
411392031,Not Attempted,,
411392038,Not Attempted,,
411392071,Not Attempted,,
411392089,Not Attempted,,
411392144,Not Attempted,,
411392155,Not Attempted,,
411392215,Not Attempted,,
411392250,Not Attempted,,
411392262,Not Attempted,,
411392272,Not Attempted,,
411392283,Not Attempted,,
411392295,Not Attempted,,
411392305,Not Attempted,,
411392335,Not Attempted,,
411392374,Not Attempted,,
411392388,Not Attempted,,
411392403,Not Attempted,,
411392411,Not Attempted,,
411392424,Not Attempted,,
411392434,Not Attempted,,
411392449,Not Attempted,,
411392453,Not Attempted,,
411392467,Not Attempted,,
411392475,Not Attempted,,
411392522,Not Attempted,,
411392531,Not Attempted,,
411392537,Not Attempted,,
411392607,Not Attempted,,
411392619,Not Attempted,,
411392634,Not Attempted,,
411392642,Not Attempted,,
411392651,Not Attempted,,
411392721,Not Attempted,,
411392742,Not Attempted,,
411392786,Not Attempted,,
411392797,Not Attempted,,
411392803,Not Attempted,,
411392810,Not Attempted,,
411392826,Not Attempted,,
411392836,Not Attempted,,
411392852,Not Attempted,,
411392859,Not Attempted,,
411392868,Not Attempted,,
411392881,Not Attempted,,
411392892,Not Attempted,,
411392903,Not Attempted,,
411392918,Not Attempted,,
411392945,Not Attempted,,
411392954,Not Attempted,,
411392961,Not Attempted,,
411392974,Not Attempted,,
411392979,Not Attempted,,
411393002,Not Attempted,,
411393010,Not Attempted,,
411393019,Not Attempted,,
411393043,Not Attempted,,
411393090,Not Attempted,,
411393118,Not Attempted,,
411393146,Not Attempted,,
411393157,Not Attempted,,
411393194,Not Attempted,,
411393219,Not Attempted,,
411393235,Not Attempted,,
411393242,Not Attempted,,
411393253,Not Attempted,,
411393263,Not Attempted,,
411393276,Not Attempted,,
411393289,Not Attempted,,
411393340,Not Attempted,,
411393378,Not Attempted,,
411393390,Not Attempted,,
411393407,Not Attempted,,
411393415,Not Attempted,,
411393432,Not Attempted,,
411393460,Not Attempted,,
411393473,Not Attempted,,
411393482,Not Attempted,,
411393493,Not Attempted,,
411393506,Not Attempted,,
411393518,Not Attempted,,
411393527,Not Attempted,,
411393535,Not Attempted,,
411393546,Not Attempted,,
411393571,Not Attempted,,
411393582,Not Attempted,,
411393620,Not Attempted,,
411393629,Not Attempted,,
411393678,Not Attempted,,
411393688,Not Attempted,,
411393692,Not Attempted,,
411393700,Not Attempted,,
411393708,Not Attempted,,
411393717,Not Attempted,,
411393731,Not Attempted,,
411393753,Not Attempted,,
411393781,Not Attempted,,
411393787,Not Attempted,,
411393795,Not Attempted,,
411393826,Not Attempted,,
411393859,Not Attempted,,
411393865,Not Attempted,,
411393879,Not Attempted,,
411393893,Not Attempted,,
411393914,Not Attempted,,
411393928,Not Attempted,,
411393939,Not Attempted,,
411393949,Not Attempted,,
411393956,Not Attempted,,
411393961,Not Attempted,,
411393976,Not Attempted,,
411393988,Not Attempted,,
411393999,Not Attempted,,
411394006,Not Attempted,,
411394059,Not Attempted,,
411394077,Not Attempted,,
411394115,Not Attempted,,
411394123,Not Attempted,,
411394134,Not Attempted,,
411394154,Not Attempted,,
411394161,Not Attempted,,
411394200,Not Attempted,,
411394207,Not Attempted,,
411394215,Not Attempted,,
411394287,Not Attempted,,
411394315,Not Attempted,,
411394323,Not Attempted,,
411394355,Not Attempted,,
411394383,Not Attempted,,
411394394,Not Attempted,,
411394403,Not Attempted,,
411394425,Not Attempted,,
411394449,Not Attempted,,
411394507,Not Attempted,,
411394515,Not Attempted,,
411394549,Not Attempted,,
411394562,Not Attempted,,
411394569,Not Attempted,,
411394580,Not Attempted,,
411394593,Not Attempted,,
411394604,Not Attempted,,
411394633,Not Attempted,,
411394653,Not Attempted,,
411394920,Not Attempted,,
411394931,Not Attempted,,
411394962,Not Attempted,,
411394972,Not Attempted,,
411394996,Not Attempted,,
411395004,Not Attempted,,
411395012,Not Attempted,,
411395286,Not Attempted,,
411395300,Not Attempted,,
411395314,Not Attempted,,
411395319,Not Attempted,,
411395331,Not Attempted,,
411395346,Not Attempted,,
411395365,Not Attempted,,
411395525,Not Attempted,,
411395537,Not Attempted,,
411395806,Not Attempted,,
411395813,Not Attempted,,
411395867,Not Attempted,,
411395893,Not Attempted,,
411395939,Not Attempted,,
411395958,Not Attempted,,
411395973,Not Attempted,,
411395988,Not Attempted,,
411396004,Not Attempted,,
411396022,Not Attempted,,
411396215,Not Attempted,,
411396234,Not Attempted,,
411396259,Not Attempted,,
411396266,Not Attempted,,
411396279,Not Attempted,,
411396324,Not Attempted,,
411396358,Not Attempted,,
411396391,Not Attempted,,
411396398,Not Attempted,,
411396407,Not Attempted,,
411396418,Not Attempted,,
411396428,Not Attempted,,
411396441,Not Attempted,,
411396454,Not Attempted,,
411396472,Not Attempted,,
411396530,Not Attempted,,
411396541,Not Attempted,,
411396558,Not Attempted,,
411396569,Not Attempted,,
411396587,Not Attempted,,
411396598,Not Attempted,,
411396672,Not Attempted,,
411396685,Not Attempted,,
411396694,Not Attempted,,
411396707,Not Attempted,,
411396725,Not Attempted,,
411396745,Not Attempted,,
411396758,Not Attempted,,
411396783,Not Attempted,,
411396800,Not Attempted,,
411396829,Not Attempted,,
411396848,Not Attempted,,
411396863,Not Attempted,,
411396872,Not Attempted,,
411396906,Not Attempted,,
411396920,Not Attempted,,
411396984,Not Attempted,,
411397003,Not Attempted,,
411397013,Not Attempted,,
411397022,Not Attempted,,
411397074,Not Attempted,,
411397107,Not Attempted,,
411397146,Not Attempted,,
411397202,Not Attempted,,
411397219,Not Attempted,,
411397235,Not Attempted,,
411397297,Not Attempted,,
411397312,Not Attempted,,
411397364,Not Attempted,,
411397400,Not Attempted,,
411397432,Not Attempted,,
411397444,Not Attempted,,
411397479,Not Attempted,,
411397489,Not Attempted,,
411397501,Not Attempted,,
411397511,Not Attempted,,
411397546,Not Attempted,,
411397556,Not Attempted,,
411397573,Not Attempted,,
411397585,Not Attempted,,
411397595,Not Attempted,,
411397606,Not Attempted,,
411397645,Not Attempted,,
411397687,Not Attempted,,
411402368,Not Attempted,,
411402392,Not Attempted,,
411402405,Not Attempted,,
411402417,Not Attempted,,
411402445,Not Attempted,,
411402483,Not Attempted,,
411402568,Not Attempted,,
411402608,Not Attempted,,
411402635,Not Attempted,,
411402711,Not Attempted,,
